size,BAS,BAS_b,BAS_c,BAS_d,BAS_e,BAS_f,BAS_g,BAS_h,BAS_i,BAS_j,sampling,batch_size
10,0.52,0.5139664804469274,0.52,0.5044916201117319,0.52,0.52,0.52,0.52,0.52,0.52,uncertainty_sampling_random_forest,20
11,,,,,,,,,,,uncertainty_sampling_random_forest,20
12,,,,,,,,,,,uncertainty_sampling_random_forest,20
13,,,,,,,,,,,uncertainty_sampling_random_forest,20
14,,,,,,,,,,,uncertainty_sampling_random_forest,20
15,,,,,,,,,,,uncertainty_sampling_random_forest,20
16,,,,,,,,,,,uncertainty_sampling_random_forest,20
17,,,,,,,,,,,uncertainty_sampling_random_forest,20
18,,,,,,,,,,,uncertainty_sampling_random_forest,20
19,,,,,,,,,,,uncertainty_sampling_random_forest,20
20,,,,,,,,,,,uncertainty_sampling_random_forest,20
21,,,,,,,,,,,uncertainty_sampling_random_forest,20
22,,,,,,,,,,,uncertainty_sampling_random_forest,20
23,,,,,,,,,,,uncertainty_sampling_random_forest,20
24,,,,,,,,,,,uncertainty_sampling_random_forest,20
25,,,,,,,,,,,uncertainty_sampling_random_forest,20
26,,,,,,,,,,,uncertainty_sampling_random_forest,20
27,,,,,,,,,,,uncertainty_sampling_random_forest,20
28,,,,,,,,,,,uncertainty_sampling_random_forest,20
29,,,,,,,,,,,uncertainty_sampling_random_forest,20
30,0.5251396648044693,0.5178994413407821,0.7936536312849163,0.5279329608938548,0.7874413407821229,0.7953072625698324,0.7821005586592179,0.7248268156424581,0.5139664804469274,0.8121340782122906,uncertainty_sampling_random_forest,20
31,,,,,,,,,,,uncertainty_sampling_random_forest,20
32,,,,,,,,,,,uncertainty_sampling_random_forest,20
33,,,,,,,,,,,uncertainty_sampling_random_forest,20
34,,,,,,,,,,,uncertainty_sampling_random_forest,20
35,,,,,,,,,,,uncertainty_sampling_random_forest,20
36,,,,,,,,,,,uncertainty_sampling_random_forest,20
37,,,,,,,,,,,uncertainty_sampling_random_forest,20
38,,,,,,,,,,,uncertainty_sampling_random_forest,20
39,,,,,,,,,,,uncertainty_sampling_random_forest,20
40,,,,,,,,,,,uncertainty_sampling_random_forest,20
41,,,,,,,,,,,uncertainty_sampling_random_forest,20
42,,,,,,,,,,,uncertainty_sampling_random_forest,20
43,,,,,,,,,,,uncertainty_sampling_random_forest,20
44,,,,,,,,,,,uncertainty_sampling_random_forest,20
45,,,,,,,,,,,uncertainty_sampling_random_forest,20
46,,,,,,,,,,,uncertainty_sampling_random_forest,20
47,,,,,,,,,,,uncertainty_sampling_random_forest,20
48,,,,,,,,,,,uncertainty_sampling_random_forest,20
49,,,,,,,,,,,uncertainty_sampling_random_forest,20
50,0.596,0.8080670391061453,0.5418994413407822,0.616,0.8348603351955307,0.8633743016759776,0.7774078212290503,0.8110614525139664,0.636,0.5929385474860335,uncertainty_sampling_random_forest,20
51,,,,,,,,,,,uncertainty_sampling_random_forest,20
52,,,,,,,,,,,uncertainty_sampling_random_forest,20
53,,,,,,,,,,,uncertainty_sampling_random_forest,20
54,,,,,,,,,,,uncertainty_sampling_random_forest,20
55,,,,,,,,,,,uncertainty_sampling_random_forest,20
56,,,,,,,,,,,uncertainty_sampling_random_forest,20
57,,,,,,,,,,,uncertainty_sampling_random_forest,20
58,,,,,,,,,,,uncertainty_sampling_random_forest,20
59,,,,,,,,,,,uncertainty_sampling_random_forest,20
60,,,,,,,,,,,uncertainty_sampling_random_forest,20
61,,,,,,,,,,,uncertainty_sampling_random_forest,20
62,,,,,,,,,,,uncertainty_sampling_random_forest,20
63,,,,,,,,,,,uncertainty_sampling_random_forest,20
64,,,,,,,,,,,uncertainty_sampling_random_forest,20
65,,,,,,,,,,,uncertainty_sampling_random_forest,20
66,,,,,,,,,,,uncertainty_sampling_random_forest,20
67,,,,,,,,,,,uncertainty_sampling_random_forest,20
68,,,,,,,,,,,uncertainty_sampling_random_forest,20
69,,,,,,,,,,,uncertainty_sampling_random_forest,20
70,0.7716201117318435,0.9069273743016759,0.688,0.8244469273743016,0.8925810055865921,0.8624804469273744,0.8032402234636872,0.7,0.7692737430167598,0.632,uncertainty_sampling_random_forest,20
71,,,,,,,,,,,uncertainty_sampling_random_forest,20
72,,,,,,,,,,,uncertainty_sampling_random_forest,20
73,,,,,,,,,,,uncertainty_sampling_random_forest,20
74,,,,,,,,,,,uncertainty_sampling_random_forest,20
75,,,,,,,,,,,uncertainty_sampling_random_forest,20
76,,,,,,,,,,,uncertainty_sampling_random_forest,20
77,,,,,,,,,,,uncertainty_sampling_random_forest,20
78,,,,,,,,,,,uncertainty_sampling_random_forest,20
79,,,,,,,,,,,uncertainty_sampling_random_forest,20
80,,,,,,,,,,,uncertainty_sampling_random_forest,20
81,,,,,,,,,,,uncertainty_sampling_random_forest,20
82,,,,,,,,,,,uncertainty_sampling_random_forest,20
83,,,,,,,,,,,uncertainty_sampling_random_forest,20
84,,,,,,,,,,,uncertainty_sampling_random_forest,20
85,,,,,,,,,,,uncertainty_sampling_random_forest,20
86,,,,,,,,,,,uncertainty_sampling_random_forest,20
87,,,,,,,,,,,uncertainty_sampling_random_forest,20
88,,,,,,,,,,,uncertainty_sampling_random_forest,20
89,,,,,,,,,,,uncertainty_sampling_random_forest,20
90,0.8364469273743016,0.8004469273743017,0.8420335195530726,0.8760670391061453,0.8288268156424581,0.8984804469273743,0.905340782122905,0.8456536312849162,0.8448938547486033,0.7292067039106145,uncertainty_sampling_random_forest,20
91,,,,,,,,,,,uncertainty_sampling_random_forest,20
92,,,,,,,,,,,uncertainty_sampling_random_forest,20
93,,,,,,,,,,,uncertainty_sampling_random_forest,20
94,,,,,,,,,,,uncertainty_sampling_random_forest,20
95,,,,,,,,,,,uncertainty_sampling_random_forest,20
96,,,,,,,,,,,uncertainty_sampling_random_forest,20
97,,,,,,,,,,,uncertainty_sampling_random_forest,20
98,,,,,,,,,,,uncertainty_sampling_random_forest,20
99,,,,,,,,,,,uncertainty_sampling_random_forest,20
100,,,,,,,,,,,uncertainty_sampling_random_forest,20
101,,,,,,,,,,,uncertainty_sampling_random_forest,20
102,,,,,,,,,,,uncertainty_sampling_random_forest,20
103,,,,,,,,,,,uncertainty_sampling_random_forest,20
104,,,,,,,,,,,uncertainty_sampling_random_forest,20
105,,,,,,,,,,,uncertainty_sampling_random_forest,20
106,,,,,,,,,,,uncertainty_sampling_random_forest,20
107,,,,,,,,,,,uncertainty_sampling_random_forest,20
108,,,,,,,,,,,uncertainty_sampling_random_forest,20
109,,,,,,,,,,,uncertainty_sampling_random_forest,20
110,0.8894078212290503,0.9328938547486033,0.8801340782122905,0.9025474860335196,0.9057877094972067,0.9021675977653631,0.9136536312849162,0.9172737430167598,0.8575418994413408,0.802413407821229,uncertainty_sampling_random_forest,20
111,,,,,,,,,,,uncertainty_sampling_random_forest,20
112,,,,,,,,,,,uncertainty_sampling_random_forest,20
113,,,,,,,,,,,uncertainty_sampling_random_forest,20
114,,,,,,,,,,,uncertainty_sampling_random_forest,20
115,,,,,,,,,,,uncertainty_sampling_random_forest,20
116,,,,,,,,,,,uncertainty_sampling_random_forest,20
117,,,,,,,,,,,uncertainty_sampling_random_forest,20
118,,,,,,,,,,,uncertainty_sampling_random_forest,20
119,,,,,,,,,,,uncertainty_sampling_random_forest,20
120,,,,,,,,,,,uncertainty_sampling_random_forest,20
121,,,,,,,,,,,uncertainty_sampling_random_forest,20
122,,,,,,,,,,,uncertainty_sampling_random_forest,20
123,,,,,,,,,,,uncertainty_sampling_random_forest,20
124,,,,,,,,,,,uncertainty_sampling_random_forest,20
125,,,,,,,,,,,uncertainty_sampling_random_forest,20
126,,,,,,,,,,,uncertainty_sampling_random_forest,20
127,,,,,,,,,,,uncertainty_sampling_random_forest,20
128,,,,,,,,,,,uncertainty_sampling_random_forest,20
129,,,,,,,,,,,uncertainty_sampling_random_forest,20
130,0.9141005586592179,0.9288938547486034,0.9084469273743017,0.8387486033519553,0.9128268156424582,0.9208938547486034,0.9249608938547487,0.9208268156424582,0.8328268156424581,0.8592402234636871,uncertainty_sampling_random_forest,20
131,,,,,,,,,,,uncertainty_sampling_random_forest,20
132,,,,,,,,,,,uncertainty_sampling_random_forest,20
133,,,,,,,,,,,uncertainty_sampling_random_forest,20
134,,,,,,,,,,,uncertainty_sampling_random_forest,20
135,,,,,,,,,,,uncertainty_sampling_random_forest,20
136,,,,,,,,,,,uncertainty_sampling_random_forest,20
137,,,,,,,,,,,uncertainty_sampling_random_forest,20
138,,,,,,,,,,,uncertainty_sampling_random_forest,20
139,,,,,,,,,,,uncertainty_sampling_random_forest,20
140,,,,,,,,,,,uncertainty_sampling_random_forest,20
141,,,,,,,,,,,uncertainty_sampling_random_forest,20
142,,,,,,,,,,,uncertainty_sampling_random_forest,20
143,,,,,,,,,,,uncertainty_sampling_random_forest,20
144,,,,,,,,,,,uncertainty_sampling_random_forest,20
145,,,,,,,,,,,uncertainty_sampling_random_forest,20
146,,,,,,,,,,,uncertainty_sampling_random_forest,20
147,,,,,,,,,,,uncertainty_sampling_random_forest,20
148,,,,,,,,,,,uncertainty_sampling_random_forest,20
149,,,,,,,,,,,uncertainty_sampling_random_forest,20
150,0.9128268156424582,0.9396201117318436,0.9500335195530727,0.8944134078212291,0.9476201117318436,0.9248268156424582,0.8864134078212291,0.9476201117318436,0.876,0.9048268156424581,uncertainty_sampling_random_forest,20
151,,,,,,,,,,,uncertainty_sampling_random_forest,20
152,,,,,,,,,,,uncertainty_sampling_random_forest,20
153,,,,,,,,,,,uncertainty_sampling_random_forest,20
154,,,,,,,,,,,uncertainty_sampling_random_forest,20
155,,,,,,,,,,,uncertainty_sampling_random_forest,20
156,,,,,,,,,,,uncertainty_sampling_random_forest,20
157,,,,,,,,,,,uncertainty_sampling_random_forest,20
158,,,,,,,,,,,uncertainty_sampling_random_forest,20
159,,,,,,,,,,,uncertainty_sampling_random_forest,20
160,,,,,,,,,,,uncertainty_sampling_random_forest,20
161,,,,,,,,,,,uncertainty_sampling_random_forest,20
162,,,,,,,,,,,uncertainty_sampling_random_forest,20
163,,,,,,,,,,,uncertainty_sampling_random_forest,20
164,,,,,,,,,,,uncertainty_sampling_random_forest,20
165,,,,,,,,,,,uncertainty_sampling_random_forest,20
166,,,,,,,,,,,uncertainty_sampling_random_forest,20
167,,,,,,,,,,,uncertainty_sampling_random_forest,20
168,,,,,,,,,,,uncertainty_sampling_random_forest,20
169,,,,,,,,,,,uncertainty_sampling_random_forest,20
170,0.930413407821229,0.9716201117318435,0.9716201117318435,0.9279999999999999,0.978413407821229,0.9660335195530726,0.9436201117318436,0.978413407821229,0.9239999999999999,0.9344134078212291,uncertainty_sampling_random_forest,20
171,,,,,,,,,,,uncertainty_sampling_random_forest,20
172,,,,,,,,,,,uncertainty_sampling_random_forest,20
173,,,,,,,,,,,uncertainty_sampling_random_forest,20
174,,,,,,,,,,,uncertainty_sampling_random_forest,20
175,,,,,,,,,,,uncertainty_sampling_random_forest,20
176,,,,,,,,,,,uncertainty_sampling_random_forest,20
177,,,,,,,,,,,uncertainty_sampling_random_forest,20
178,,,,,,,,,,,uncertainty_sampling_random_forest,20
179,,,,,,,,,,,uncertainty_sampling_random_forest,20
180,,,,,,,,,,,uncertainty_sampling_random_forest,20
181,,,,,,,,,,,uncertainty_sampling_random_forest,20
182,,,,,,,,,,,uncertainty_sampling_random_forest,20
183,,,,,,,,,,,uncertainty_sampling_random_forest,20
184,,,,,,,,,,,uncertainty_sampling_random_forest,20
185,,,,,,,,,,,uncertainty_sampling_random_forest,20
186,,,,,,,,,,,uncertainty_sampling_random_forest,20
187,,,,,,,,,,,uncertainty_sampling_random_forest,20
188,,,,,,,,,,,uncertainty_sampling_random_forest,20
189,,,,,,,,,,,uncertainty_sampling_random_forest,20
190,0.968,0.992,0.978413407821229,0.96,0.996,0.974413407821229,0.984,0.9712402234636872,0.968,0.964,uncertainty_sampling_random_forest,20
191,,,,,,,,,,,uncertainty_sampling_random_forest,20
192,,,,,,,,,,,uncertainty_sampling_random_forest,20
193,,,,,,,,,,,uncertainty_sampling_random_forest,20
194,,,,,,,,,,,uncertainty_sampling_random_forest,20
195,,,,,,,,,,,uncertainty_sampling_random_forest,20
196,,,,,,,,,,,uncertainty_sampling_random_forest,20
197,,,,,,,,,,,uncertainty_sampling_random_forest,20
198,,,,,,,,,,,uncertainty_sampling_random_forest,20
199,,,,,,,,,,,uncertainty_sampling_random_forest,20
200,,,,,,,,,,,uncertainty_sampling_random_forest,20
201,,,,,,,,,,,uncertainty_sampling_random_forest,20
202,,,,,,,,,,,uncertainty_sampling_random_forest,20
203,,,,,,,,,,,uncertainty_sampling_random_forest,20
204,,,,,,,,,,,uncertainty_sampling_random_forest,20
205,,,,,,,,,,,uncertainty_sampling_random_forest,20
206,,,,,,,,,,,uncertainty_sampling_random_forest,20
207,,,,,,,,,,,uncertainty_sampling_random_forest,20
208,,,,,,,,,,,uncertainty_sampling_random_forest,20
209,,,,,,,,,,,uncertainty_sampling_random_forest,20
210,0.988,0.992,0.988,0.992,0.996,0.9892067039106145,0.992,0.98,0.984,0.984,uncertainty_sampling_random_forest,20
211,,,,,,,,,,,uncertainty_sampling_random_forest,20
212,,,,,,,,,,,uncertainty_sampling_random_forest,20
213,,,,,,,,,,,uncertainty_sampling_random_forest,20
214,,,,,,,,,,,uncertainty_sampling_random_forest,20
215,,,,,,,,,,,uncertainty_sampling_random_forest,20
216,,,,,,,,,,,uncertainty_sampling_random_forest,20
217,,,,,,,,,,,uncertainty_sampling_random_forest,20
218,,,,,,,,,,,uncertainty_sampling_random_forest,20
219,,,,,,,,,,,uncertainty_sampling_random_forest,20
220,,,,,,,,,,,uncertainty_sampling_random_forest,20
221,,,,,,,,,,,uncertainty_sampling_random_forest,20
222,,,,,,,,,,,uncertainty_sampling_random_forest,20
223,,,,,,,,,,,uncertainty_sampling_random_forest,20
224,,,,,,,,,,,uncertainty_sampling_random_forest,20
225,,,,,,,,,,,uncertainty_sampling_random_forest,20
226,,,,,,,,,,,uncertainty_sampling_random_forest,20
227,,,,,,,,,,,uncertainty_sampling_random_forest,20
228,,,,,,,,,,,uncertainty_sampling_random_forest,20
229,,,,,,,,,,,uncertainty_sampling_random_forest,20
230,0.996,0.992,1.0,0.992,1.0,0.992,0.996,0.988,0.992,0.996,uncertainty_sampling_random_forest,20
231,,,,,,,,,,,uncertainty_sampling_random_forest,20
232,,,,,,,,,,,uncertainty_sampling_random_forest,20
233,,,,,,,,,,,uncertainty_sampling_random_forest,20
234,,,,,,,,,,,uncertainty_sampling_random_forest,20
235,,,,,,,,,,,uncertainty_sampling_random_forest,20
236,,,,,,,,,,,uncertainty_sampling_random_forest,20
237,,,,,,,,,,,uncertainty_sampling_random_forest,20
238,,,,,,,,,,,uncertainty_sampling_random_forest,20
239,,,,,,,,,,,uncertainty_sampling_random_forest,20
240,,,,,,,,,,,uncertainty_sampling_random_forest,20
241,,,,,,,,,,,uncertainty_sampling_random_forest,20
242,,,,,,,,,,,uncertainty_sampling_random_forest,20
243,,,,,,,,,,,uncertainty_sampling_random_forest,20
244,,,,,,,,,,,uncertainty_sampling_random_forest,20
245,,,,,,,,,,,uncertainty_sampling_random_forest,20
246,,,,,,,,,,,uncertainty_sampling_random_forest,20
247,,,,,,,,,,,uncertainty_sampling_random_forest,20
248,,,,,,,,,,,uncertainty_sampling_random_forest,20
249,,,,,,,,,,,uncertainty_sampling_random_forest,20
10,0.52,0.5139664804469274,0.52,0.5044916201117319,0.52,0.52,0.52,0.52,0.52,0.52,uncertainty_sampling_random_forest,30
11,,,,,,,,,,,uncertainty_sampling_random_forest,30
12,,,,,,,,,,,uncertainty_sampling_random_forest,30
13,,,,,,,,,,,uncertainty_sampling_random_forest,30
14,,,,,,,,,,,uncertainty_sampling_random_forest,30
15,,,,,,,,,,,uncertainty_sampling_random_forest,30
16,,,,,,,,,,,uncertainty_sampling_random_forest,30
17,,,,,,,,,,,uncertainty_sampling_random_forest,30
18,,,,,,,,,,,uncertainty_sampling_random_forest,30
19,,,,,,,,,,,uncertainty_sampling_random_forest,30
20,,,,,,,,,,,uncertainty_sampling_random_forest,30
21,,,,,,,,,,,uncertainty_sampling_random_forest,30
22,,,,,,,,,,,uncertainty_sampling_random_forest,30
23,,,,,,,,,,,uncertainty_sampling_random_forest,30
24,,,,,,,,,,,uncertainty_sampling_random_forest,30
25,,,,,,,,,,,uncertainty_sampling_random_forest,30
26,,,,,,,,,,,uncertainty_sampling_random_forest,30
27,,,,,,,,,,,uncertainty_sampling_random_forest,30
28,,,,,,,,,,,uncertainty_sampling_random_forest,30
29,,,,,,,,,,,uncertainty_sampling_random_forest,30
30,,,,,,,,,,,uncertainty_sampling_random_forest,30
31,,,,,,,,,,,uncertainty_sampling_random_forest,30
32,,,,,,,,,,,uncertainty_sampling_random_forest,30
33,,,,,,,,,,,uncertainty_sampling_random_forest,30
34,,,,,,,,,,,uncertainty_sampling_random_forest,30
35,,,,,,,,,,,uncertainty_sampling_random_forest,30
36,,,,,,,,,,,uncertainty_sampling_random_forest,30
37,,,,,,,,,,,uncertainty_sampling_random_forest,30
38,,,,,,,,,,,uncertainty_sampling_random_forest,30
39,,,,,,,,,,,uncertainty_sampling_random_forest,30
40,0.5251396648044693,0.5909720670391061,0.5307262569832403,0.644,0.5223463687150838,0.5223463687150838,0.8310614525139665,0.7976536312849163,0.5195530726256983,0.5574525139664804,uncertainty_sampling_random_forest,30
41,,,,,,,,,,,uncertainty_sampling_random_forest,30
42,,,,,,,,,,,uncertainty_sampling_random_forest,30
43,,,,,,,,,,,uncertainty_sampling_random_forest,30
44,,,,,,,,,,,uncertainty_sampling_random_forest,30
45,,,,,,,,,,,uncertainty_sampling_random_forest,30
46,,,,,,,,,,,uncertainty_sampling_random_forest,30
47,,,,,,,,,,,uncertainty_sampling_random_forest,30
48,,,,,,,,,,,uncertainty_sampling_random_forest,30
49,,,,,,,,,,,uncertainty_sampling_random_forest,30
50,,,,,,,,,,,uncertainty_sampling_random_forest,30
51,,,,,,,,,,,uncertainty_sampling_random_forest,30
52,,,,,,,,,,,uncertainty_sampling_random_forest,30
53,,,,,,,,,,,uncertainty_sampling_random_forest,30
54,,,,,,,,,,,uncertainty_sampling_random_forest,30
55,,,,,,,,,,,uncertainty_sampling_random_forest,30
56,,,,,,,,,,,uncertainty_sampling_random_forest,30
57,,,,,,,,,,,uncertainty_sampling_random_forest,30
58,,,,,,,,,,,uncertainty_sampling_random_forest,30
59,,,,,,,,,,,uncertainty_sampling_random_forest,30
60,,,,,,,,,,,uncertainty_sampling_random_forest,30
61,,,,,,,,,,,uncertainty_sampling_random_forest,30
62,,,,,,,,,,,uncertainty_sampling_random_forest,30
63,,,,,,,,,,,uncertainty_sampling_random_forest,30
64,,,,,,,,,,,uncertainty_sampling_random_forest,30
65,,,,,,,,,,,uncertainty_sampling_random_forest,30
66,,,,,,,,,,,uncertainty_sampling_random_forest,30
67,,,,,,,,,,,uncertainty_sampling_random_forest,30
68,,,,,,,,,,,uncertainty_sampling_random_forest,30
69,,,,,,,,,,,uncertainty_sampling_random_forest,30
70,0.7264134078212291,0.632,0.656,0.8642011173184357,0.6812067039106144,0.7052067039106145,0.8044469273743017,0.8769608938547486,0.7052067039106145,0.692,uncertainty_sampling_random_forest,30
71,,,,,,,,,,,uncertainty_sampling_random_forest,30
72,,,,,,,,,,,uncertainty_sampling_random_forest,30
73,,,,,,,,,,,uncertainty_sampling_random_forest,30
74,,,,,,,,,,,uncertainty_sampling_random_forest,30
75,,,,,,,,,,,uncertainty_sampling_random_forest,30
76,,,,,,,,,,,uncertainty_sampling_random_forest,30
77,,,,,,,,,,,uncertainty_sampling_random_forest,30
78,,,,,,,,,,,uncertainty_sampling_random_forest,30
79,,,,,,,,,,,uncertainty_sampling_random_forest,30
80,,,,,,,,,,,uncertainty_sampling_random_forest,30
81,,,,,,,,,,,uncertainty_sampling_random_forest,30
82,,,,,,,,,,,uncertainty_sampling_random_forest,30
83,,,,,,,,,,,uncertainty_sampling_random_forest,30
84,,,,,,,,,,,uncertainty_sampling_random_forest,30
85,,,,,,,,,,,uncertainty_sampling_random_forest,30
86,,,,,,,,,,,uncertainty_sampling_random_forest,30
87,,,,,,,,,,,uncertainty_sampling_random_forest,30
88,,,,,,,,,,,uncertainty_sampling_random_forest,30
89,,,,,,,,,,,uncertainty_sampling_random_forest,30
90,,,,,,,,,,,uncertainty_sampling_random_forest,30
91,,,,,,,,,,,uncertainty_sampling_random_forest,30
92,,,,,,,,,,,uncertainty_sampling_random_forest,30
93,,,,,,,,,,,uncertainty_sampling_random_forest,30
94,,,,,,,,,,,uncertainty_sampling_random_forest,30
95,,,,,,,,,,,uncertainty_sampling_random_forest,30
96,,,,,,,,,,,uncertainty_sampling_random_forest,30
97,,,,,,,,,,,uncertainty_sampling_random_forest,30
98,,,,,,,,,,,uncertainty_sampling_random_forest,30
99,,,,,,,,,,,uncertainty_sampling_random_forest,30
100,0.8718212290502794,0.8220335195530726,0.7900335195530725,0.8248268156424581,0.7980335195530726,0.8328938547486033,0.8678882681564246,0.9172737430167598,0.8320000000000001,0.8016536312849163,uncertainty_sampling_random_forest,30
101,,,,,,,,,,,uncertainty_sampling_random_forest,30
102,,,,,,,,,,,uncertainty_sampling_random_forest,30
103,,,,,,,,,,,uncertainty_sampling_random_forest,30
104,,,,,,,,,,,uncertainty_sampling_random_forest,30
105,,,,,,,,,,,uncertainty_sampling_random_forest,30
106,,,,,,,,,,,uncertainty_sampling_random_forest,30
107,,,,,,,,,,,uncertainty_sampling_random_forest,30
108,,,,,,,,,,,uncertainty_sampling_random_forest,30
109,,,,,,,,,,,uncertainty_sampling_random_forest,30
110,,,,,,,,,,,uncertainty_sampling_random_forest,30
111,,,,,,,,,,,uncertainty_sampling_random_forest,30
112,,,,,,,,,,,uncertainty_sampling_random_forest,30
113,,,,,,,,,,,uncertainty_sampling_random_forest,30
114,,,,,,,,,,,uncertainty_sampling_random_forest,30
115,,,,,,,,,,,uncertainty_sampling_random_forest,30
116,,,,,,,,,,,uncertainty_sampling_random_forest,30
117,,,,,,,,,,,uncertainty_sampling_random_forest,30
118,,,,,,,,,,,uncertainty_sampling_random_forest,30
119,,,,,,,,,,,uncertainty_sampling_random_forest,30
120,,,,,,,,,,,uncertainty_sampling_random_forest,30
121,,,,,,,,,,,uncertainty_sampling_random_forest,30
122,,,,,,,,,,,uncertainty_sampling_random_forest,30
123,,,,,,,,,,,uncertainty_sampling_random_forest,30
124,,,,,,,,,,,uncertainty_sampling_random_forest,30
125,,,,,,,,,,,uncertainty_sampling_random_forest,30
126,,,,,,,,,,,uncertainty_sampling_random_forest,30
127,,,,,,,,,,,uncertainty_sampling_random_forest,30
128,,,,,,,,,,,uncertainty_sampling_random_forest,30
129,,,,,,,,,,,uncertainty_sampling_random_forest,30
130,0.8340335195530726,0.9125139664804469,0.8728268156424581,0.9224804469273743,0.8864134078212291,0.8844469273743016,0.8608268156424581,0.9180335195530727,0.8918212290502794,0.8913072625698324,uncertainty_sampling_random_forest,30
131,,,,,,,,,,,uncertainty_sampling_random_forest,30
132,,,,,,,,,,,uncertainty_sampling_random_forest,30
133,,,,,,,,,,,uncertainty_sampling_random_forest,30
134,,,,,,,,,,,uncertainty_sampling_random_forest,30
135,,,,,,,,,,,uncertainty_sampling_random_forest,30
136,,,,,,,,,,,uncertainty_sampling_random_forest,30
137,,,,,,,,,,,uncertainty_sampling_random_forest,30
138,,,,,,,,,,,uncertainty_sampling_random_forest,30
139,,,,,,,,,,,uncertainty_sampling_random_forest,30
140,,,,,,,,,,,uncertainty_sampling_random_forest,30
141,,,,,,,,,,,uncertainty_sampling_random_forest,30
142,,,,,,,,,,,uncertainty_sampling_random_forest,30
143,,,,,,,,,,,uncertainty_sampling_random_forest,30
144,,,,,,,,,,,uncertainty_sampling_random_forest,30
145,,,,,,,,,,,uncertainty_sampling_random_forest,30
146,,,,,,,,,,,uncertainty_sampling_random_forest,30
147,,,,,,,,,,,uncertainty_sampling_random_forest,30
148,,,,,,,,,,,uncertainty_sampling_random_forest,30
149,,,,,,,,,,,uncertainty_sampling_random_forest,30
150,,,,,,,,,,,uncertainty_sampling_random_forest,30
151,,,,,,,,,,,uncertainty_sampling_random_forest,30
152,,,,,,,,,,,uncertainty_sampling_random_forest,30
153,,,,,,,,,,,uncertainty_sampling_random_forest,30
154,,,,,,,,,,,uncertainty_sampling_random_forest,30
155,,,,,,,,,,,uncertainty_sampling_random_forest,30
156,,,,,,,,,,,uncertainty_sampling_random_forest,30
157,,,,,,,,,,,uncertainty_sampling_random_forest,30
158,,,,,,,,,,,uncertainty_sampling_random_forest,30
159,,,,,,,,,,,uncertainty_sampling_random_forest,30
160,0.9012067039106145,0.9396201117318436,0.9356201117318436,0.9596201117318436,0.9372067039106144,0.9116201117318435,0.9300335195530727,0.9345474860335196,0.8892067039106145,0.9308603351955307,uncertainty_sampling_random_forest,30
161,,,,,,,,,,,uncertainty_sampling_random_forest,30
162,,,,,,,,,,,uncertainty_sampling_random_forest,30
163,,,,,,,,,,,uncertainty_sampling_random_forest,30
164,,,,,,,,,,,uncertainty_sampling_random_forest,30
165,,,,,,,,,,,uncertainty_sampling_random_forest,30
166,,,,,,,,,,,uncertainty_sampling_random_forest,30
167,,,,,,,,,,,uncertainty_sampling_random_forest,30
168,,,,,,,,,,,uncertainty_sampling_random_forest,30
169,,,,,,,,,,,uncertainty_sampling_random_forest,30
170,,,,,,,,,,,uncertainty_sampling_random_forest,30
171,,,,,,,,,,,uncertainty_sampling_random_forest,30
172,,,,,,,,,,,uncertainty_sampling_random_forest,30
173,,,,,,,,,,,uncertainty_sampling_random_forest,30
174,,,,,,,,,,,uncertainty_sampling_random_forest,30
175,,,,,,,,,,,uncertainty_sampling_random_forest,30
176,,,,,,,,,,,uncertainty_sampling_random_forest,30
177,,,,,,,,,,,uncertainty_sampling_random_forest,30
178,,,,,,,,,,,uncertainty_sampling_random_forest,30
179,,,,,,,,,,,uncertainty_sampling_random_forest,30
180,,,,,,,,,,,uncertainty_sampling_random_forest,30
181,,,,,,,,,,,uncertainty_sampling_random_forest,30
182,,,,,,,,,,,uncertainty_sampling_random_forest,30
183,,,,,,,,,,,uncertainty_sampling_random_forest,30
184,,,,,,,,,,,uncertainty_sampling_random_forest,30
185,,,,,,,,,,,uncertainty_sampling_random_forest,30
186,,,,,,,,,,,uncertainty_sampling_random_forest,30
187,,,,,,,,,,,uncertainty_sampling_random_forest,30
188,,,,,,,,,,,uncertainty_sampling_random_forest,30
189,,,,,,,,,,,uncertainty_sampling_random_forest,30
190,0.9652067039106145,0.990413407821229,0.9692067039106145,0.9892067039106145,0.976,0.956,0.9852067039106145,0.9756201117318435,0.96,0.9892067039106145,uncertainty_sampling_random_forest,30
191,,,,,,,,,,,uncertainty_sampling_random_forest,30
192,,,,,,,,,,,uncertainty_sampling_random_forest,30
193,,,,,,,,,,,uncertainty_sampling_random_forest,30
194,,,,,,,,,,,uncertainty_sampling_random_forest,30
195,,,,,,,,,,,uncertainty_sampling_random_forest,30
196,,,,,,,,,,,uncertainty_sampling_random_forest,30
197,,,,,,,,,,,uncertainty_sampling_random_forest,30
198,,,,,,,,,,,uncertainty_sampling_random_forest,30
199,,,,,,,,,,,uncertainty_sampling_random_forest,30
200,,,,,,,,,,,uncertainty_sampling_random_forest,30
201,,,,,,,,,,,uncertainty_sampling_random_forest,30
202,,,,,,,,,,,uncertainty_sampling_random_forest,30
203,,,,,,,,,,,uncertainty_sampling_random_forest,30
204,,,,,,,,,,,uncertainty_sampling_random_forest,30
205,,,,,,,,,,,uncertainty_sampling_random_forest,30
206,,,,,,,,,,,uncertainty_sampling_random_forest,30
207,,,,,,,,,,,uncertainty_sampling_random_forest,30
208,,,,,,,,,,,uncertainty_sampling_random_forest,30
209,,,,,,,,,,,uncertainty_sampling_random_forest,30
210,,,,,,,,,,,uncertainty_sampling_random_forest,30
211,,,,,,,,,,,uncertainty_sampling_random_forest,30
212,,,,,,,,,,,uncertainty_sampling_random_forest,30
213,,,,,,,,,,,uncertainty_sampling_random_forest,30
214,,,,,,,,,,,uncertainty_sampling_random_forest,30
215,,,,,,,,,,,uncertainty_sampling_random_forest,30
216,,,,,,,,,,,uncertainty_sampling_random_forest,30
217,,,,,,,,,,,uncertainty_sampling_random_forest,30
218,,,,,,,,,,,uncertainty_sampling_random_forest,30
219,,,,,,,,,,,uncertainty_sampling_random_forest,30
220,0.992,0.9892067039106145,0.9852067039106145,0.996,0.996,0.992,0.9932067039106145,0.992,0.988,0.996,uncertainty_sampling_random_forest,30
221,,,,,,,,,,,uncertainty_sampling_random_forest,30
222,,,,,,,,,,,uncertainty_sampling_random_forest,30
223,,,,,,,,,,,uncertainty_sampling_random_forest,30
224,,,,,,,,,,,uncertainty_sampling_random_forest,30
225,,,,,,,,,,,uncertainty_sampling_random_forest,30
226,,,,,,,,,,,uncertainty_sampling_random_forest,30
227,,,,,,,,,,,uncertainty_sampling_random_forest,30
228,,,,,,,,,,,uncertainty_sampling_random_forest,30
229,,,,,,,,,,,uncertainty_sampling_random_forest,30
230,,,,,,,,,,,uncertainty_sampling_random_forest,30
231,,,,,,,,,,,uncertainty_sampling_random_forest,30
232,,,,,,,,,,,uncertainty_sampling_random_forest,30
233,,,,,,,,,,,uncertainty_sampling_random_forest,30
234,,,,,,,,,,,uncertainty_sampling_random_forest,30
235,,,,,,,,,,,uncertainty_sampling_random_forest,30
236,,,,,,,,,,,uncertainty_sampling_random_forest,30
237,,,,,,,,,,,uncertainty_sampling_random_forest,30
238,,,,,,,,,,,uncertainty_sampling_random_forest,30
239,,,,,,,,,,,uncertainty_sampling_random_forest,30
240,,,,,,,,,,,uncertainty_sampling_random_forest,30
241,,,,,,,,,,,uncertainty_sampling_random_forest,30
242,,,,,,,,,,,uncertainty_sampling_random_forest,30
243,,,,,,,,,,,uncertainty_sampling_random_forest,30
244,,,,,,,,,,,uncertainty_sampling_random_forest,30
245,,,,,,,,,,,uncertainty_sampling_random_forest,30
246,,,,,,,,,,,uncertainty_sampling_random_forest,30
247,,,,,,,,,,,uncertainty_sampling_random_forest,30
248,,,,,,,,,,,uncertainty_sampling_random_forest,30
249,,,,,,,,,,,uncertainty_sampling_random_forest,30
10,0.52,0.5139664804469274,0.52,0.5044916201117319,0.52,0.52,0.52,0.52,0.52,0.52,uncertainty_sampling_random_forest,40
11,,,,,,,,,,,uncertainty_sampling_random_forest,40
12,,,,,,,,,,,uncertainty_sampling_random_forest,40
13,,,,,,,,,,,uncertainty_sampling_random_forest,40
14,,,,,,,,,,,uncertainty_sampling_random_forest,40
15,,,,,,,,,,,uncertainty_sampling_random_forest,40
16,,,,,,,,,,,uncertainty_sampling_random_forest,40
17,,,,,,,,,,,uncertainty_sampling_random_forest,40
18,,,,,,,,,,,uncertainty_sampling_random_forest,40
19,,,,,,,,,,,uncertainty_sampling_random_forest,40
20,,,,,,,,,,,uncertainty_sampling_random_forest,40
21,,,,,,,,,,,uncertainty_sampling_random_forest,40
22,,,,,,,,,,,uncertainty_sampling_random_forest,40
23,,,,,,,,,,,uncertainty_sampling_random_forest,40
24,,,,,,,,,,,uncertainty_sampling_random_forest,40
25,,,,,,,,,,,uncertainty_sampling_random_forest,40
26,,,,,,,,,,,uncertainty_sampling_random_forest,40
27,,,,,,,,,,,uncertainty_sampling_random_forest,40
28,,,,,,,,,,,uncertainty_sampling_random_forest,40
29,,,,,,,,,,,uncertainty_sampling_random_forest,40
30,,,,,,,,,,,uncertainty_sampling_random_forest,40
31,,,,,,,,,,,uncertainty_sampling_random_forest,40
32,,,,,,,,,,,uncertainty_sampling_random_forest,40
33,,,,,,,,,,,uncertainty_sampling_random_forest,40
34,,,,,,,,,,,uncertainty_sampling_random_forest,40
35,,,,,,,,,,,uncertainty_sampling_random_forest,40
36,,,,,,,,,,,uncertainty_sampling_random_forest,40
37,,,,,,,,,,,uncertainty_sampling_random_forest,40
38,,,,,,,,,,,uncertainty_sampling_random_forest,40
39,,,,,,,,,,,uncertainty_sampling_random_forest,40
40,,,,,,,,,,,uncertainty_sampling_random_forest,40
41,,,,,,,,,,,uncertainty_sampling_random_forest,40
42,,,,,,,,,,,uncertainty_sampling_random_forest,40
43,,,,,,,,,,,uncertainty_sampling_random_forest,40
44,,,,,,,,,,,uncertainty_sampling_random_forest,40
45,,,,,,,,,,,uncertainty_sampling_random_forest,40
46,,,,,,,,,,,uncertainty_sampling_random_forest,40
47,,,,,,,,,,,uncertainty_sampling_random_forest,40
48,,,,,,,,,,,uncertainty_sampling_random_forest,40
49,,,,,,,,,,,uncertainty_sampling_random_forest,40
50,0.5251396648044693,0.6452067039106145,0.5363128491620112,0.66,0.5195530726256983,0.6663910614525139,0.8421675977653631,0.8386815642458101,0.5223463687150838,0.5251396648044693,uncertainty_sampling_random_forest,40
51,,,,,,,,,,,uncertainty_sampling_random_forest,40
52,,,,,,,,,,,uncertainty_sampling_random_forest,40
53,,,,,,,,,,,uncertainty_sampling_random_forest,40
54,,,,,,,,,,,uncertainty_sampling_random_forest,40
55,,,,,,,,,,,uncertainty_sampling_random_forest,40
56,,,,,,,,,,,uncertainty_sampling_random_forest,40
57,,,,,,,,,,,uncertainty_sampling_random_forest,40
58,,,,,,,,,,,uncertainty_sampling_random_forest,40
59,,,,,,,,,,,uncertainty_sampling_random_forest,40
60,,,,,,,,,,,uncertainty_sampling_random_forest,40
61,,,,,,,,,,,uncertainty_sampling_random_forest,40
62,,,,,,,,,,,uncertainty_sampling_random_forest,40
63,,,,,,,,,,,uncertainty_sampling_random_forest,40
64,,,,,,,,,,,uncertainty_sampling_random_forest,40
65,,,,,,,,,,,uncertainty_sampling_random_forest,40
66,,,,,,,,,,,uncertainty_sampling_random_forest,40
67,,,,,,,,,,,uncertainty_sampling_random_forest,40
68,,,,,,,,,,,uncertainty_sampling_random_forest,40
69,,,,,,,,,,,uncertainty_sampling_random_forest,40
70,,,,,,,,,,,uncertainty_sampling_random_forest,40
71,,,,,,,,,,,uncertainty_sampling_random_forest,40
72,,,,,,,,,,,uncertainty_sampling_random_forest,40
73,,,,,,,,,,,uncertainty_sampling_random_forest,40
74,,,,,,,,,,,uncertainty_sampling_random_forest,40
75,,,,,,,,,,,uncertainty_sampling_random_forest,40
76,,,,,,,,,,,uncertainty_sampling_random_forest,40
77,,,,,,,,,,,uncertainty_sampling_random_forest,40
78,,,,,,,,,,,uncertainty_sampling_random_forest,40
79,,,,,,,,,,,uncertainty_sampling_random_forest,40
80,,,,,,,,,,,uncertainty_sampling_random_forest,40
81,,,,,,,,,,,uncertainty_sampling_random_forest,40
82,,,,,,,,,,,uncertainty_sampling_random_forest,40
83,,,,,,,,,,,uncertainty_sampling_random_forest,40
84,,,,,,,,,,,uncertainty_sampling_random_forest,40
85,,,,,,,,,,,uncertainty_sampling_random_forest,40
86,,,,,,,,,,,uncertainty_sampling_random_forest,40
87,,,,,,,,,,,uncertainty_sampling_random_forest,40
88,,,,,,,,,,,uncertainty_sampling_random_forest,40
89,,,,,,,,,,,uncertainty_sampling_random_forest,40
90,0.8256536312849162,0.5921787709497207,0.674413407821229,0.8664804469273744,0.7528268156424581,0.7516201117318435,0.7452067039106145,0.786413407821229,0.8100335195530726,0.7064134078212291,uncertainty_sampling_random_forest,40
91,,,,,,,,,,,uncertainty_sampling_random_forest,40
92,,,,,,,,,,,uncertainty_sampling_random_forest,40
93,,,,,,,,,,,uncertainty_sampling_random_forest,40
94,,,,,,,,,,,uncertainty_sampling_random_forest,40
95,,,,,,,,,,,uncertainty_sampling_random_forest,40
96,,,,,,,,,,,uncertainty_sampling_random_forest,40
97,,,,,,,,,,,uncertainty_sampling_random_forest,40
98,,,,,,,,,,,uncertainty_sampling_random_forest,40
99,,,,,,,,,,,uncertainty_sampling_random_forest,40
100,,,,,,,,,,,uncertainty_sampling_random_forest,40
101,,,,,,,,,,,uncertainty_sampling_random_forest,40
102,,,,,,,,,,,uncertainty_sampling_random_forest,40
103,,,,,,,,,,,uncertainty_sampling_random_forest,40
104,,,,,,,,,,,uncertainty_sampling_random_forest,40
105,,,,,,,,,,,uncertainty_sampling_random_forest,40
106,,,,,,,,,,,uncertainty_sampling_random_forest,40
107,,,,,,,,,,,uncertainty_sampling_random_forest,40
108,,,,,,,,,,,uncertainty_sampling_random_forest,40
109,,,,,,,,,,,uncertainty_sampling_random_forest,40
110,,,,,,,,,,,uncertainty_sampling_random_forest,40
111,,,,,,,,,,,uncertainty_sampling_random_forest,40
112,,,,,,,,,,,uncertainty_sampling_random_forest,40
113,,,,,,,,,,,uncertainty_sampling_random_forest,40
114,,,,,,,,,,,uncertainty_sampling_random_forest,40
115,,,,,,,,,,,uncertainty_sampling_random_forest,40
116,,,,,,,,,,,uncertainty_sampling_random_forest,40
117,,,,,,,,,,,uncertainty_sampling_random_forest,40
118,,,,,,,,,,,uncertainty_sampling_random_forest,40
119,,,,,,,,,,,uncertainty_sampling_random_forest,40
120,,,,,,,,,,,uncertainty_sampling_random_forest,40
121,,,,,,,,,,,uncertainty_sampling_random_forest,40
122,,,,,,,,,,,uncertainty_sampling_random_forest,40
123,,,,,,,,,,,uncertainty_sampling_random_forest,40
124,,,,,,,,,,,uncertainty_sampling_random_forest,40
125,,,,,,,,,,,uncertainty_sampling_random_forest,40
126,,,,,,,,,,,uncertainty_sampling_random_forest,40
127,,,,,,,,,,,uncertainty_sampling_random_forest,40
128,,,,,,,,,,,uncertainty_sampling_random_forest,40
129,,,,,,,,,,,uncertainty_sampling_random_forest,40
130,0.8495418994413408,0.7892067039106145,0.8144134078212291,0.9144804469273743,0.8692067039106145,0.8568268156424581,0.9168938547486034,0.7996424581005586,0.9088268156424582,0.8500335195530726,uncertainty_sampling_random_forest,40
131,,,,,,,,,,,uncertainty_sampling_random_forest,40
132,,,,,,,,,,,uncertainty_sampling_random_forest,40
133,,,,,,,,,,,uncertainty_sampling_random_forest,40
134,,,,,,,,,,,uncertainty_sampling_random_forest,40
135,,,,,,,,,,,uncertainty_sampling_random_forest,40
136,,,,,,,,,,,uncertainty_sampling_random_forest,40
137,,,,,,,,,,,uncertainty_sampling_random_forest,40
138,,,,,,,,,,,uncertainty_sampling_random_forest,40
139,,,,,,,,,,,uncertainty_sampling_random_forest,40
140,,,,,,,,,,,uncertainty_sampling_random_forest,40
141,,,,,,,,,,,uncertainty_sampling_random_forest,40
142,,,,,,,,,,,uncertainty_sampling_random_forest,40
143,,,,,,,,,,,uncertainty_sampling_random_forest,40
144,,,,,,,,,,,uncertainty_sampling_random_forest,40
145,,,,,,,,,,,uncertainty_sampling_random_forest,40
146,,,,,,,,,,,uncertainty_sampling_random_forest,40
147,,,,,,,,,,,uncertainty_sampling_random_forest,40
148,,,,,,,,,,,uncertainty_sampling_random_forest,40
149,,,,,,,,,,,uncertainty_sampling_random_forest,40
150,,,,,,,,,,,uncertainty_sampling_random_forest,40
151,,,,,,,,,,,uncertainty_sampling_random_forest,40
152,,,,,,,,,,,uncertainty_sampling_random_forest,40
153,,,,,,,,,,,uncertainty_sampling_random_forest,40
154,,,,,,,,,,,uncertainty_sampling_random_forest,40
155,,,,,,,,,,,uncertainty_sampling_random_forest,40
156,,,,,,,,,,,uncertainty_sampling_random_forest,40
157,,,,,,,,,,,uncertainty_sampling_random_forest,40
158,,,,,,,,,,,uncertainty_sampling_random_forest,40
159,,,,,,,,,,,uncertainty_sampling_random_forest,40
160,,,,,,,,,,,uncertainty_sampling_random_forest,40
161,,,,,,,,,,,uncertainty_sampling_random_forest,40
162,,,,,,,,,,,uncertainty_sampling_random_forest,40
163,,,,,,,,,,,uncertainty_sampling_random_forest,40
164,,,,,,,,,,,uncertainty_sampling_random_forest,40
165,,,,,,,,,,,uncertainty_sampling_random_forest,40
166,,,,,,,,,,,uncertainty_sampling_random_forest,40
167,,,,,,,,,,,uncertainty_sampling_random_forest,40
168,,,,,,,,,,,uncertainty_sampling_random_forest,40
169,,,,,,,,,,,uncertainty_sampling_random_forest,40
170,0.8932067039106145,0.9076201117318435,0.9248268156424582,0.9740335195530726,0.944,0.9199999999999999,0.9536536312849162,0.9012067039106145,0.972,0.922413407821229,uncertainty_sampling_random_forest,40
171,,,,,,,,,,,uncertainty_sampling_random_forest,40
172,,,,,,,,,,,uncertainty_sampling_random_forest,40
173,,,,,,,,,,,uncertainty_sampling_random_forest,40
174,,,,,,,,,,,uncertainty_sampling_random_forest,40
175,,,,,,,,,,,uncertainty_sampling_random_forest,40
176,,,,,,,,,,,uncertainty_sampling_random_forest,40
177,,,,,,,,,,,uncertainty_sampling_random_forest,40
178,,,,,,,,,,,uncertainty_sampling_random_forest,40
179,,,,,,,,,,,uncertainty_sampling_random_forest,40
180,,,,,,,,,,,uncertainty_sampling_random_forest,40
181,,,,,,,,,,,uncertainty_sampling_random_forest,40
182,,,,,,,,,,,uncertainty_sampling_random_forest,40
183,,,,,,,,,,,uncertainty_sampling_random_forest,40
184,,,,,,,,,,,uncertainty_sampling_random_forest,40
185,,,,,,,,,,,uncertainty_sampling_random_forest,40
186,,,,,,,,,,,uncertainty_sampling_random_forest,40
187,,,,,,,,,,,uncertainty_sampling_random_forest,40
188,,,,,,,,,,,uncertainty_sampling_random_forest,40
189,,,,,,,,,,,uncertainty_sampling_random_forest,40
190,,,,,,,,,,,uncertainty_sampling_random_forest,40
191,,,,,,,,,,,uncertainty_sampling_random_forest,40
192,,,,,,,,,,,uncertainty_sampling_random_forest,40
193,,,,,,,,,,,uncertainty_sampling_random_forest,40
194,,,,,,,,,,,uncertainty_sampling_random_forest,40
195,,,,,,,,,,,uncertainty_sampling_random_forest,40
196,,,,,,,,,,,uncertainty_sampling_random_forest,40
197,,,,,,,,,,,uncertainty_sampling_random_forest,40
198,,,,,,,,,,,uncertainty_sampling_random_forest,40
199,,,,,,,,,,,uncertainty_sampling_random_forest,40
200,,,,,,,,,,,uncertainty_sampling_random_forest,40
201,,,,,,,,,,,uncertainty_sampling_random_forest,40
202,,,,,,,,,,,uncertainty_sampling_random_forest,40
203,,,,,,,,,,,uncertainty_sampling_random_forest,40
204,,,,,,,,,,,uncertainty_sampling_random_forest,40
205,,,,,,,,,,,uncertainty_sampling_random_forest,40
206,,,,,,,,,,,uncertainty_sampling_random_forest,40
207,,,,,,,,,,,uncertainty_sampling_random_forest,40
208,,,,,,,,,,,uncertainty_sampling_random_forest,40
209,,,,,,,,,,,uncertainty_sampling_random_forest,40
210,0.956,0.98,0.988,0.9852067039106145,0.976,0.98,0.9972067039106145,0.968,0.996,0.976,uncertainty_sampling_random_forest,40
211,,,,,,,,,,,uncertainty_sampling_random_forest,40
212,,,,,,,,,,,uncertainty_sampling_random_forest,40
213,,,,,,,,,,,uncertainty_sampling_random_forest,40
214,,,,,,,,,,,uncertainty_sampling_random_forest,40
215,,,,,,,,,,,uncertainty_sampling_random_forest,40
216,,,,,,,,,,,uncertainty_sampling_random_forest,40
217,,,,,,,,,,,uncertainty_sampling_random_forest,40
218,,,,,,,,,,,uncertainty_sampling_random_forest,40
219,,,,,,,,,,,uncertainty_sampling_random_forest,40
220,,,,,,,,,,,uncertainty_sampling_random_forest,40
221,,,,,,,,,,,uncertainty_sampling_random_forest,40
222,,,,,,,,,,,uncertainty_sampling_random_forest,40
223,,,,,,,,,,,uncertainty_sampling_random_forest,40
224,,,,,,,,,,,uncertainty_sampling_random_forest,40
225,,,,,,,,,,,uncertainty_sampling_random_forest,40
226,,,,,,,,,,,uncertainty_sampling_random_forest,40
227,,,,,,,,,,,uncertainty_sampling_random_forest,40
228,,,,,,,,,,,uncertainty_sampling_random_forest,40
229,,,,,,,,,,,uncertainty_sampling_random_forest,40
230,,,,,,,,,,,uncertainty_sampling_random_forest,40
231,,,,,,,,,,,uncertainty_sampling_random_forest,40
232,,,,,,,,,,,uncertainty_sampling_random_forest,40
233,,,,,,,,,,,uncertainty_sampling_random_forest,40
234,,,,,,,,,,,uncertainty_sampling_random_forest,40
235,,,,,,,,,,,uncertainty_sampling_random_forest,40
236,,,,,,,,,,,uncertainty_sampling_random_forest,40
237,,,,,,,,,,,uncertainty_sampling_random_forest,40
238,,,,,,,,,,,uncertainty_sampling_random_forest,40
239,,,,,,,,,,,uncertainty_sampling_random_forest,40
240,,,,,,,,,,,uncertainty_sampling_random_forest,40
241,,,,,,,,,,,uncertainty_sampling_random_forest,40
242,,,,,,,,,,,uncertainty_sampling_random_forest,40
243,,,,,,,,,,,uncertainty_sampling_random_forest,40
244,,,,,,,,,,,uncertainty_sampling_random_forest,40
245,,,,,,,,,,,uncertainty_sampling_random_forest,40
246,,,,,,,,,,,uncertainty_sampling_random_forest,40
247,,,,,,,,,,,uncertainty_sampling_random_forest,40
248,,,,,,,,,,,uncertainty_sampling_random_forest,40
249,,,,,,,,,,,uncertainty_sampling_random_forest,40
10,0.52,0.5139664804469274,0.52,0.5044916201117319,0.52,0.52,0.52,0.52,0.52,0.52,uncertainty_sampling_random_forest,50
11,,,,,,,,,,,uncertainty_sampling_random_forest,50
12,,,,,,,,,,,uncertainty_sampling_random_forest,50
13,,,,,,,,,,,uncertainty_sampling_random_forest,50
14,,,,,,,,,,,uncertainty_sampling_random_forest,50
15,,,,,,,,,,,uncertainty_sampling_random_forest,50
16,,,,,,,,,,,uncertainty_sampling_random_forest,50
17,,,,,,,,,,,uncertainty_sampling_random_forest,50
18,,,,,,,,,,,uncertainty_sampling_random_forest,50
19,,,,,,,,,,,uncertainty_sampling_random_forest,50
20,,,,,,,,,,,uncertainty_sampling_random_forest,50
21,,,,,,,,,,,uncertainty_sampling_random_forest,50
22,,,,,,,,,,,uncertainty_sampling_random_forest,50
23,,,,,,,,,,,uncertainty_sampling_random_forest,50
24,,,,,,,,,,,uncertainty_sampling_random_forest,50
25,,,,,,,,,,,uncertainty_sampling_random_forest,50
26,,,,,,,,,,,uncertainty_sampling_random_forest,50
27,,,,,,,,,,,uncertainty_sampling_random_forest,50
28,,,,,,,,,,,uncertainty_sampling_random_forest,50
29,,,,,,,,,,,uncertainty_sampling_random_forest,50
30,,,,,,,,,,,uncertainty_sampling_random_forest,50
31,,,,,,,,,,,uncertainty_sampling_random_forest,50
32,,,,,,,,,,,uncertainty_sampling_random_forest,50
33,,,,,,,,,,,uncertainty_sampling_random_forest,50
34,,,,,,,,,,,uncertainty_sampling_random_forest,50
35,,,,,,,,,,,uncertainty_sampling_random_forest,50
36,,,,,,,,,,,uncertainty_sampling_random_forest,50
37,,,,,,,,,,,uncertainty_sampling_random_forest,50
38,,,,,,,,,,,uncertainty_sampling_random_forest,50
39,,,,,,,,,,,uncertainty_sampling_random_forest,50
40,,,,,,,,,,,uncertainty_sampling_random_forest,50
41,,,,,,,,,,,uncertainty_sampling_random_forest,50
42,,,,,,,,,,,uncertainty_sampling_random_forest,50
43,,,,,,,,,,,uncertainty_sampling_random_forest,50
44,,,,,,,,,,,uncertainty_sampling_random_forest,50
45,,,,,,,,,,,uncertainty_sampling_random_forest,50
46,,,,,,,,,,,uncertainty_sampling_random_forest,50
47,,,,,,,,,,,uncertainty_sampling_random_forest,50
48,,,,,,,,,,,uncertainty_sampling_random_forest,50
49,,,,,,,,,,,uncertainty_sampling_random_forest,50
50,,,,,,,,,,,uncertainty_sampling_random_forest,50
51,,,,,,,,,,,uncertainty_sampling_random_forest,50
52,,,,,,,,,,,uncertainty_sampling_random_forest,50
53,,,,,,,,,,,uncertainty_sampling_random_forest,50
54,,,,,,,,,,,uncertainty_sampling_random_forest,50
55,,,,,,,,,,,uncertainty_sampling_random_forest,50
56,,,,,,,,,,,uncertainty_sampling_random_forest,50
57,,,,,,,,,,,uncertainty_sampling_random_forest,50
58,,,,,,,,,,,uncertainty_sampling_random_forest,50
59,,,,,,,,,,,uncertainty_sampling_random_forest,50
60,0.5335195530726257,0.6932067039106145,0.5446927374301676,0.656,0.5307262569832403,0.5446927374301676,0.8448938547486033,0.6887374301675977,0.5251396648044693,0.5391061452513967,uncertainty_sampling_random_forest,50
61,,,,,,,,,,,uncertainty_sampling_random_forest,50
62,,,,,,,,,,,uncertainty_sampling_random_forest,50
63,,,,,,,,,,,uncertainty_sampling_random_forest,50
64,,,,,,,,,,,uncertainty_sampling_random_forest,50
65,,,,,,,,,,,uncertainty_sampling_random_forest,50
66,,,,,,,,,,,uncertainty_sampling_random_forest,50
67,,,,,,,,,,,uncertainty_sampling_random_forest,50
68,,,,,,,,,,,uncertainty_sampling_random_forest,50
69,,,,,,,,,,,uncertainty_sampling_random_forest,50
70,,,,,,,,,,,uncertainty_sampling_random_forest,50
71,,,,,,,,,,,uncertainty_sampling_random_forest,50
72,,,,,,,,,,,uncertainty_sampling_random_forest,50
73,,,,,,,,,,,uncertainty_sampling_random_forest,50
74,,,,,,,,,,,uncertainty_sampling_random_forest,50
75,,,,,,,,,,,uncertainty_sampling_random_forest,50
76,,,,,,,,,,,uncertainty_sampling_random_forest,50
77,,,,,,,,,,,uncertainty_sampling_random_forest,50
78,,,,,,,,,,,uncertainty_sampling_random_forest,50
79,,,,,,,,,,,uncertainty_sampling_random_forest,50
80,,,,,,,,,,,uncertainty_sampling_random_forest,50
81,,,,,,,,,,,uncertainty_sampling_random_forest,50
82,,,,,,,,,,,uncertainty_sampling_random_forest,50
83,,,,,,,,,,,uncertainty_sampling_random_forest,50
84,,,,,,,,,,,uncertainty_sampling_random_forest,50
85,,,,,,,,,,,uncertainty_sampling_random_forest,50
86,,,,,,,,,,,uncertainty_sampling_random_forest,50
87,,,,,,,,,,,uncertainty_sampling_random_forest,50
88,,,,,,,,,,,uncertainty_sampling_random_forest,50
89,,,,,,,,,,,uncertainty_sampling_random_forest,50
90,,,,,,,,,,,uncertainty_sampling_random_forest,50
91,,,,,,,,,,,uncertainty_sampling_random_forest,50
92,,,,,,,,,,,uncertainty_sampling_random_forest,50
93,,,,,,,,,,,uncertainty_sampling_random_forest,50
94,,,,,,,,,,,uncertainty_sampling_random_forest,50
95,,,,,,,,,,,uncertainty_sampling_random_forest,50
96,,,,,,,,,,,uncertainty_sampling_random_forest,50
97,,,,,,,,,,,uncertainty_sampling_random_forest,50
98,,,,,,,,,,,uncertainty_sampling_random_forest,50
99,,,,,,,,,,,uncertainty_sampling_random_forest,50
100,,,,,,,,,,,uncertainty_sampling_random_forest,50
101,,,,,,,,,,,uncertainty_sampling_random_forest,50
102,,,,,,,,,,,uncertainty_sampling_random_forest,50
103,,,,,,,,,,,uncertainty_sampling_random_forest,50
104,,,,,,,,,,,uncertainty_sampling_random_forest,50
105,,,,,,,,,,,uncertainty_sampling_random_forest,50
106,,,,,,,,,,,uncertainty_sampling_random_forest,50
107,,,,,,,,,,,uncertainty_sampling_random_forest,50
108,,,,,,,,,,,uncertainty_sampling_random_forest,50
109,,,,,,,,,,,uncertainty_sampling_random_forest,50
110,0.8232402234636872,0.6635977653631284,0.748,0.8728268156424581,0.7492067039106145,0.758413407821229,0.9200670391061452,0.758413407821229,0.8100335195530726,0.7292067039106145,uncertainty_sampling_random_forest,50
111,,,,,,,,,,,uncertainty_sampling_random_forest,50
112,,,,,,,,,,,uncertainty_sampling_random_forest,50
113,,,,,,,,,,,uncertainty_sampling_random_forest,50
114,,,,,,,,,,,uncertainty_sampling_random_forest,50
115,,,,,,,,,,,uncertainty_sampling_random_forest,50
116,,,,,,,,,,,uncertainty_sampling_random_forest,50
117,,,,,,,,,,,uncertainty_sampling_random_forest,50
118,,,,,,,,,,,uncertainty_sampling_random_forest,50
119,,,,,,,,,,,uncertainty_sampling_random_forest,50
120,,,,,,,,,,,uncertainty_sampling_random_forest,50
121,,,,,,,,,,,uncertainty_sampling_random_forest,50
122,,,,,,,,,,,uncertainty_sampling_random_forest,50
123,,,,,,,,,,,uncertainty_sampling_random_forest,50
124,,,,,,,,,,,uncertainty_sampling_random_forest,50
125,,,,,,,,,,,uncertainty_sampling_random_forest,50
126,,,,,,,,,,,uncertainty_sampling_random_forest,50
127,,,,,,,,,,,uncertainty_sampling_random_forest,50
128,,,,,,,,,,,uncertainty_sampling_random_forest,50
129,,,,,,,,,,,uncertainty_sampling_random_forest,50
130,,,,,,,,,,,uncertainty_sampling_random_forest,50
131,,,,,,,,,,,uncertainty_sampling_random_forest,50
132,,,,,,,,,,,uncertainty_sampling_random_forest,50
133,,,,,,,,,,,uncertainty_sampling_random_forest,50
134,,,,,,,,,,,uncertainty_sampling_random_forest,50
135,,,,,,,,,,,uncertainty_sampling_random_forest,50
136,,,,,,,,,,,uncertainty_sampling_random_forest,50
137,,,,,,,,,,,uncertainty_sampling_random_forest,50
138,,,,,,,,,,,uncertainty_sampling_random_forest,50
139,,,,,,,,,,,uncertainty_sampling_random_forest,50
140,,,,,,,,,,,uncertainty_sampling_random_forest,50
141,,,,,,,,,,,uncertainty_sampling_random_forest,50
142,,,,,,,,,,,uncertainty_sampling_random_forest,50
143,,,,,,,,,,,uncertainty_sampling_random_forest,50
144,,,,,,,,,,,uncertainty_sampling_random_forest,50
145,,,,,,,,,,,uncertainty_sampling_random_forest,50
146,,,,,,,,,,,uncertainty_sampling_random_forest,50
147,,,,,,,,,,,uncertainty_sampling_random_forest,50
148,,,,,,,,,,,uncertainty_sampling_random_forest,50
149,,,,,,,,,,,uncertainty_sampling_random_forest,50
150,,,,,,,,,,,uncertainty_sampling_random_forest,50
151,,,,,,,,,,,uncertainty_sampling_random_forest,50
152,,,,,,,,,,,uncertainty_sampling_random_forest,50
153,,,,,,,,,,,uncertainty_sampling_random_forest,50
154,,,,,,,,,,,uncertainty_sampling_random_forest,50
155,,,,,,,,,,,uncertainty_sampling_random_forest,50
156,,,,,,,,,,,uncertainty_sampling_random_forest,50
157,,,,,,,,,,,uncertainty_sampling_random_forest,50
158,,,,,,,,,,,uncertainty_sampling_random_forest,50
159,,,,,,,,,,,uncertainty_sampling_random_forest,50
160,0.9452737430167597,0.8360000000000001,0.8704134078212291,0.9572067039106145,0.8716201117318436,0.8876201117318436,0.9708603351955307,0.8884469273743016,0.9328268156424582,0.8796201117318436,uncertainty_sampling_random_forest,50
161,,,,,,,,,,,uncertainty_sampling_random_forest,50
162,,,,,,,,,,,uncertainty_sampling_random_forest,50
163,,,,,,,,,,,uncertainty_sampling_random_forest,50
164,,,,,,,,,,,uncertainty_sampling_random_forest,50
165,,,,,,,,,,,uncertainty_sampling_random_forest,50
166,,,,,,,,,,,uncertainty_sampling_random_forest,50
167,,,,,,,,,,,uncertainty_sampling_random_forest,50
168,,,,,,,,,,,uncertainty_sampling_random_forest,50
169,,,,,,,,,,,uncertainty_sampling_random_forest,50
170,,,,,,,,,,,uncertainty_sampling_random_forest,50
171,,,,,,,,,,,uncertainty_sampling_random_forest,50
172,,,,,,,,,,,uncertainty_sampling_random_forest,50
173,,,,,,,,,,,uncertainty_sampling_random_forest,50
174,,,,,,,,,,,uncertainty_sampling_random_forest,50
175,,,,,,,,,,,uncertainty_sampling_random_forest,50
176,,,,,,,,,,,uncertainty_sampling_random_forest,50
177,,,,,,,,,,,uncertainty_sampling_random_forest,50
178,,,,,,,,,,,uncertainty_sampling_random_forest,50
179,,,,,,,,,,,uncertainty_sampling_random_forest,50
180,,,,,,,,,,,uncertainty_sampling_random_forest,50
181,,,,,,,,,,,uncertainty_sampling_random_forest,50
182,,,,,,,,,,,uncertainty_sampling_random_forest,50
183,,,,,,,,,,,uncertainty_sampling_random_forest,50
184,,,,,,,,,,,uncertainty_sampling_random_forest,50
185,,,,,,,,,,,uncertainty_sampling_random_forest,50
186,,,,,,,,,,,uncertainty_sampling_random_forest,50
187,,,,,,,,,,,uncertainty_sampling_random_forest,50
188,,,,,,,,,,,uncertainty_sampling_random_forest,50
189,,,,,,,,,,,uncertainty_sampling_random_forest,50
190,,,,,,,,,,,uncertainty_sampling_random_forest,50
191,,,,,,,,,,,uncertainty_sampling_random_forest,50
192,,,,,,,,,,,uncertainty_sampling_random_forest,50
193,,,,,,,,,,,uncertainty_sampling_random_forest,50
194,,,,,,,,,,,uncertainty_sampling_random_forest,50
195,,,,,,,,,,,uncertainty_sampling_random_forest,50
196,,,,,,,,,,,uncertainty_sampling_random_forest,50
197,,,,,,,,,,,uncertainty_sampling_random_forest,50
198,,,,,,,,,,,uncertainty_sampling_random_forest,50
199,,,,,,,,,,,uncertainty_sampling_random_forest,50
200,,,,,,,,,,,uncertainty_sampling_random_forest,50
201,,,,,,,,,,,uncertainty_sampling_random_forest,50
202,,,,,,,,,,,uncertainty_sampling_random_forest,50
203,,,,,,,,,,,uncertainty_sampling_random_forest,50
204,,,,,,,,,,,uncertainty_sampling_random_forest,50
205,,,,,,,,,,,uncertainty_sampling_random_forest,50
206,,,,,,,,,,,uncertainty_sampling_random_forest,50
207,,,,,,,,,,,uncertainty_sampling_random_forest,50
208,,,,,,,,,,,uncertainty_sampling_random_forest,50
209,,,,,,,,,,,uncertainty_sampling_random_forest,50
210,0.9836201117318435,0.964,0.972,0.992,0.96,0.964,0.9728268156424581,0.98,0.98,0.972,uncertainty_sampling_random_forest,50
211,,,,,,,,,,,uncertainty_sampling_random_forest,50
212,,,,,,,,,,,uncertainty_sampling_random_forest,50
213,,,,,,,,,,,uncertainty_sampling_random_forest,50
214,,,,,,,,,,,uncertainty_sampling_random_forest,50
215,,,,,,,,,,,uncertainty_sampling_random_forest,50
216,,,,,,,,,,,uncertainty_sampling_random_forest,50
217,,,,,,,,,,,uncertainty_sampling_random_forest,50
218,,,,,,,,,,,uncertainty_sampling_random_forest,50
219,,,,,,,,,,,uncertainty_sampling_random_forest,50
220,,,,,,,,,,,uncertainty_sampling_random_forest,50
221,,,,,,,,,,,uncertainty_sampling_random_forest,50
222,,,,,,,,,,,uncertainty_sampling_random_forest,50
223,,,,,,,,,,,uncertainty_sampling_random_forest,50
224,,,,,,,,,,,uncertainty_sampling_random_forest,50
225,,,,,,,,,,,uncertainty_sampling_random_forest,50
226,,,,,,,,,,,uncertainty_sampling_random_forest,50
227,,,,,,,,,,,uncertainty_sampling_random_forest,50
228,,,,,,,,,,,uncertainty_sampling_random_forest,50
229,,,,,,,,,,,uncertainty_sampling_random_forest,50
230,,,,,,,,,,,uncertainty_sampling_random_forest,50
231,,,,,,,,,,,uncertainty_sampling_random_forest,50
232,,,,,,,,,,,uncertainty_sampling_random_forest,50
233,,,,,,,,,,,uncertainty_sampling_random_forest,50
234,,,,,,,,,,,uncertainty_sampling_random_forest,50
235,,,,,,,,,,,uncertainty_sampling_random_forest,50
236,,,,,,,,,,,uncertainty_sampling_random_forest,50
237,,,,,,,,,,,uncertainty_sampling_random_forest,50
238,,,,,,,,,,,uncertainty_sampling_random_forest,50
239,,,,,,,,,,,uncertainty_sampling_random_forest,50
240,,,,,,,,,,,uncertainty_sampling_random_forest,50
241,,,,,,,,,,,uncertainty_sampling_random_forest,50
242,,,,,,,,,,,uncertainty_sampling_random_forest,50
243,,,,,,,,,,,uncertainty_sampling_random_forest,50
244,,,,,,,,,,,uncertainty_sampling_random_forest,50
245,,,,,,,,,,,uncertainty_sampling_random_forest,50
246,,,,,,,,,,,uncertainty_sampling_random_forest,50
247,,,,,,,,,,,uncertainty_sampling_random_forest,50
248,,,,,,,,,,,uncertainty_sampling_random_forest,50
249,,,,,,,,,,,uncertainty_sampling_random_forest,50
